family,hypothesis,scheme,conditioned_code_identifier,comparator_code_identifier,estimate_mae_delta,bootstrap_ci_low,bootstrap_ci_high,n_independent_hole_units,bootstrap_replicates,role,limitation
secondary_model_increments,lithology_minus_global_mean,leave_one_hole_out,lithology_only,global_mean,-0.09825494794681207,-0.15070027231961416,-0.04912499051561509,100,20000,post-analysis descriptive effect-size interval; not preregistered,percentile intervals resample held-out holes; five spatial blocks and alternative partitions remain dependent
secondary_model_increments,lithology_minus_global_mean,northing_block_buffered,lithology_only,global_mean,-0.0929130564607451,-0.14299303505454433,-0.045243448682625226,100,20000,post-analysis descriptive effect-size interval; not preregistered,percentile intervals resample held-out holes; five spatial blocks and alternative partitions remain dependent
secondary_model_increments,weathering_minus_lithology,leave_one_hole_out,geology_only,lithology_only,-0.046375629335765695,-0.0889520474295565,-0.007953589699138737,100,20000,post-analysis descriptive effect-size interval; not preregistered,percentile intervals resample held-out holes; five spatial blocks and alternative partitions remain dependent
secondary_model_increments,weathering_minus_lithology,northing_block_buffered,geology_only,lithology_only,-0.039648484292767336,-0.08512254029585817,0.0003702706557547384,100,20000,post-analysis descriptive effect-size interval; not preregistered,percentile intervals resample held-out holes; five spatial blocks and alternative partitions remain dependent
secondary_model_increments,penalized_context_minus_geology,leave_one_hole_out,partial_pooling,geology_only,-0.0040362857238385496,-0.022501636829906125,0.01623937473996472,100,20000,post-analysis descriptive effect-size interval; not preregistered,percentile intervals resample held-out holes; five spatial blocks and alternative partitions remain dependent
secondary_model_increments,penalized_context_minus_geology,northing_block_buffered,partial_pooling,geology_only,0.022001618382204338,-0.009136565578159308,0.058217106537124017,100,20000,post-analysis descriptive effect-size interval; not preregistered,percentile intervals resample held-out holes; five spatial blocks and alternative partitions remain dependent
secondary_contact_policy_family,low_penalty_minus_pooled,leave_one_hole_out,hard,pooled,-0.05222183953299153,-0.09438493379050651,-0.0207865427001915,55,20000,post-analysis descriptive effect-size interval; not preregistered,percentile intervals resample held-out holes; five spatial blocks and alternative partitions remain dependent
secondary_contact_policy_family,high_penalty_minus_pooled,leave_one_hole_out,soft_partial_pool,pooled,-0.04997666532412357,-0.08910390409664755,-0.020559772905416312,55,20000,post-analysis descriptive effect-size interval; not preregistered,percentile intervals resample held-out holes; five spatial blocks and alternative partitions remain dependent
secondary_contact_policy_family,distance_augmented_minus_pooled,leave_one_hole_out,transitional,pooled,-0.04011921200944194,-0.0889293648632721,-0.004533246643785458,55,20000,post-analysis descriptive effect-size interval; not preregistered,percentile intervals resample held-out holes; five spatial blocks and alternative partitions remain dependent
