rotation_deg,origin_index,origin_fraction,buffer_multiplier,buffer_m,n_blocks,n_effective_blocks,n_predictions,n_test_intervals,n_test_holes,equal_block_mean_delta,median_block_delta,sign_concordance,leave_one_block_out_min,leave_one_block_out_max,block_resample_ci_lower_95,block_resample_ci_upper_95,block_resampling_replicates,inference_label
0.0,1,-0.4,0.5,55.9456012,5,5,3542,3542,100,-0.05106601304961975,-0.05427658300413074,1.0,-0.060093363212915585,-0.044390559062865764,-0.0683265055681606,-0.03068460063951415,10000,descriptive dependent-partition sensitivity; not a precise five-block confidence interval
0.0,1,-0.4,1.0,111.8912024,5,5,3542,3542,100,-0.03177475167250567,-0.02906862335337168,0.8,-0.046109815670558774,-0.020759315958169433,-0.06140872567771294,-0.0005675263679785214,10000,descriptive dependent-partition sensitivity; not a precise five-block confidence interval
0.0,1,-0.4,1.5,167.8368036,5,5,3542,3542,100,-0.03324261965616602,-0.030184736473834572,0.8,-0.04978713075594465,-0.017970666173818706,-0.06887726191985451,0.004834584252891361,10000,descriptive dependent-partition sensitivity; not a precise five-block confidence interval
0.0,2,-0.2,0.5,55.9456012,5,5,3542,3542,100,-0.051242984194254104,-0.06670854632165346,1.0,-0.0601201611864578,-0.043948394581642514,-0.07271361181899012,-0.028671689509291554,10000,descriptive dependent-partition sensitivity; not a precise five-block confidence interval
0.0,2,-0.2,1.0,111.8912024,5,5,3542,3542,100,-0.03767444867490113,-0.030003424859770256,0.8,-0.051066075439247016,-0.024669014302453163,-0.07073064984532076,-0.005225590526952662,10000,descriptive dependent-partition sensitivity; not a precise five-block confidence interval
0.0,2,-0.2,1.5,167.8368036,5,5,3542,3542,100,-0.02745399370541004,-0.030711058469711894,0.6,-0.03904403151115576,-0.010855770290533917,-0.06263176846094805,0.006188555167107879,10000,descriptive dependent-partition sensitivity; not a precise five-block confidence interval
0.0,3,0.0,0.5,55.9456012,5,5,3542,3542,100,-0.05146104946392693,-0.07461335937065217,0.8,-0.0655129438109695,-0.041937970822694126,-0.08548747339924771,-0.017268038463312152,10000,descriptive dependent-partition sensitivity; not a precise five-block confidence interval
0.0,3,0.0,1.0,111.8912024,5,5,3542,3542,100,-0.03526179105873926,-0.008500526025641442,0.6,-0.046061917883291115,-0.02074645587278018,-0.07428239161518464,0.003758809497706128,10000,descriptive dependent-partition sensitivity; not a precise five-block confidence interval
0.0,3,0.0,1.5,167.8368036,5,5,3542,3542,100,-0.018803340766612296,-0.007862628162131458,0.6,-0.033634029796395626,0.002441089359665527,-0.06541368802788675,0.018141070930426936,10000,descriptive dependent-partition sensitivity; not a precise five-block confidence interval
0.0,4,0.2,0.5,55.9456012,5,5,3542,3542,100,-0.05418857075422814,-0.07545362170262493,0.8,-0.06972933090435224,-0.041525537836889836,-0.08849177668077468,-0.014939917990479579,10000,descriptive dependent-partition sensitivity; not a precise five-block confidence interval
0.0,4,0.2,1.0,111.8912024,5,5,3542,3542,100,-0.049452373132668814,-0.058800422288163956,0.8,-0.06820259051224398,-0.03672716161859596,-0.09032269866429936,-0.007402246282991243,10000,descriptive dependent-partition sensitivity; not a precise five-block confidence interval
0.0,4,0.2,1.5,167.8368036,5,5,3542,3542,100,-0.023409433812654878,-0.017217426696710447,0.6,-0.03721566705109275,-0.0035744356189207904,-0.0674288189365686,0.0133101365006441,10000,descriptive dependent-partition sensitivity; not a precise five-block confidence interval
0.0,5,0.4,0.5,55.9456012,5,5,3542,3542,100,-0.053130016560067175,-0.05064453017437898,1.0,-0.06065763311695771,-0.04603142075502553,-0.06917245193789183,-0.03590405070214664,10000,descriptive dependent-partition sensitivity; not a precise five-block confidence interval
0.0,5,0.4,1.0,111.8912024,5,5,3542,3542,100,-0.049024758678854585,-0.048672864644118574,1.0,-0.055843383496636534,-0.04072282343487127,-0.06783313373040065,-0.03251930150228351,10000,descriptive dependent-partition sensitivity; not a precise five-block confidence interval
0.0,5,0.4,1.5,167.8368036,5,5,3542,3542,100,-0.0500075615184564,-0.04617900939789976,1.0,-0.0565671106404938,-0.040275548459062394,-0.07159213213522805,-0.03273322277734399,10000,descriptive dependent-partition sensitivity; not a precise five-block confidence interval
45.0,1,-0.4,0.5,55.9456012,5,5,3542,3542,100,-0.05528824826576315,-0.07004372035696349,0.8,-0.07653072713344905,-0.04482422909321704,-0.0913669091028857,-0.010156619787821296,10000,descriptive dependent-partition sensitivity; not a precise five-block confidence interval
45.0,1,-0.4,1.0,111.8912024,5,5,3542,3542,100,-0.055935279006159445,-0.07179628286150863,0.8,-0.07684840800227105,-0.045853124374320875,-0.09126691801872115,-0.01123634813584018,10000,descriptive dependent-partition sensitivity; not a precise five-block confidence interval
45.0,1,-0.4,1.5,167.8368036,5,5,3542,3542,100,-0.05858857580479211,-0.07247328669066277,0.8,-0.08024680614275309,-0.04724388983817507,-0.09588980376930296,-0.012162707348034018,10000,descriptive dependent-partition sensitivity; not a precise five-block confidence interval
45.0,2,-0.2,0.5,55.9456012,5,5,3542,3542,100,-0.05335697256705294,-0.057076765146988784,0.8,-0.07080937011530508,-0.040731154462482544,-0.08461792364818992,-0.01458852349020603,10000,descriptive dependent-partition sensitivity; not a precise five-block confidence interval
45.0,2,-0.2,1.0,111.8912024,5,5,3542,3542,100,-0.05174039212063568,-0.05624562641033615,0.8,-0.06835127209370678,-0.0398422873785364,-0.08209793721755414,-0.0147434535121024,10000,descriptive dependent-partition sensitivity; not a precise five-block confidence interval
45.0,2,-0.2,1.5,167.8368036,5,5,3542,3542,100,-0.05518258608418898,-0.0578749850447029,0.8,-0.07249868240484603,-0.04053878638187525,-0.0914046649539475,-0.015951460409259967,10000,descriptive dependent-partition sensitivity; not a precise five-block confidence interval
45.0,3,0.0,0.5,55.9456012,5,5,3542,3542,100,-0.04726975037445982,-0.04095057150968562,0.8,-0.061480341176013364,-0.026955843937261748,-0.0924043090881744,-0.010636660904821627,10000,descriptive dependent-partition sensitivity; not a precise five-block confidence interval
45.0,3,0.0,1.0,111.8912024,5,5,3542,3542,100,-0.05043409324768509,-0.049371335705048924,0.8,-0.06613206153064649,-0.028443280732638965,-0.09839031940665524,-0.012333866351523249,10000,descriptive dependent-partition sensitivity; not a precise five-block confidence interval
45.0,3,0.0,1.5,167.8368036,5,5,3542,3542,100,-0.04958139671906272,-0.047510774118888266,0.8,-0.06872331179929209,-0.024515929527339553,-0.10541380081003818,-0.0028125514864424605,10000,descriptive dependent-partition sensitivity; not a precise five-block confidence interval
45.0,4,0.2,0.5,55.9456012,5,5,3542,3542,100,-0.050052403593348595,-0.046396259168747456,0.8,-0.06662113418617371,-0.029965499887357916,-0.096177662882114,-0.0061193355500127385,10000,descriptive dependent-partition sensitivity; not a precise five-block confidence interval
45.0,4,0.2,1.0,111.8912024,5,5,3542,3542,100,-0.04804384722488151,-0.046396259168747456,0.6,-0.0627533565132457,-0.02745480442677406,-0.09398547163668444,-0.0021022228130785693,10000,descriptive dependent-partition sensitivity; not a precise five-block confidence interval
45.0,4,0.2,1.5,167.8368036,5,5,3542,3542,100,-0.05954602612657474,-0.045703084968517604,1.0,-0.07331453258373438,-0.03641527994231142,-0.1103289762646115,-0.016122916301221223,10000,descriptive dependent-partition sensitivity; not a precise five-block confidence interval
45.0,5,0.4,0.5,55.9456012,5,5,3542,3542,100,-0.05856183582170145,-0.039560754392801156,0.8,-0.08047788065949363,-0.03434429735018091,-0.1171923931536194,-0.003985727275697881,10000,descriptive dependent-partition sensitivity; not a precise five-block confidence interval
45.0,5,0.4,1.0,111.8912024,5,5,3542,3542,100,-0.06305377536514575,-0.04201886424071488,0.8,-0.08595849715015036,-0.03504234926715155,-0.13040281677482635,-0.004994370439073359,10000,descriptive dependent-partition sensitivity; not a precise five-block confidence interval
45.0,5,0.4,1.5,167.8368036,5,5,3542,3542,100,-0.06568186171811936,-0.04381927922485929,0.8,-0.08712412426516875,-0.03741486087528145,-0.12477763074362631,-0.00843030601525232,10000,descriptive dependent-partition sensitivity; not a precise five-block confidence interval
90.0,1,-0.4,0.5,55.9456012,5,5,3542,3542,100,-0.05178475594902641,-0.050648263677463,0.8,-0.068701775849412,-0.03746562134443704,-0.08569608209141552,-0.014726495178845011,10000,descriptive dependent-partition sensitivity; not a precise five-block confidence interval
90.0,1,-0.4,1.0,111.8912024,5,5,3542,3542,100,-0.053276409975662097,-0.050724486632823584,0.8,-0.0711257643337258,-0.039278887344083635,-0.0904623143412063,-0.014029809566065098,10000,descriptive dependent-partition sensitivity; not a precise five-block confidence interval
90.0,1,-0.4,1.5,167.8368036,5,5,3542,3542,100,-0.05546459442253626,-0.05223303617804298,0.8,-0.07406898054701727,-0.03892616108616631,-0.09386421113202684,-0.015619667354736234,10000,descriptive dependent-partition sensitivity; not a precise five-block confidence interval
90.0,2,-0.2,0.5,55.9456012,5,5,3542,3542,100,-0.05286422396582702,-0.050354312898292175,0.8,-0.06655553171593515,-0.03679016320680034,-0.09003774959386317,-0.02114619904782824,10000,descriptive dependent-partition sensitivity; not a precise five-block confidence interval
90.0,2,-0.2,1.0,111.8912024,5,5,3542,3542,100,-0.055252701254955294,-0.04914403800990885,0.8,-0.06955685084947605,-0.036773925507316285,-0.09715829775127034,-0.02065392327920117,10000,descriptive dependent-partition sensitivity; not a precise five-block confidence interval
90.0,2,-0.2,1.5,167.8368036,5,5,3542,3542,100,-0.05537204393031283,-0.049855654081575995,0.8,-0.06941346844099805,-0.03734160272042114,-0.09643854689455815,-0.02112202048348104,10000,descriptive dependent-partition sensitivity; not a precise five-block confidence interval
90.0,3,0.0,0.5,55.9456012,5,5,3542,3542,100,-0.03961710258985911,-0.035926521971112235,0.6,-0.05590456197374055,-0.01566082141866254,-0.09171523609462814,0.01169870187360691,10000,descriptive dependent-partition sensitivity; not a precise five-block confidence interval
90.0,3,0.0,1.0,111.8912024,5,5,3542,3542,100,-0.03964848429276757,-0.035926521971112235,0.6,-0.0550244548584789,-0.014658729395858106,-0.09267726104472285,0.01028185297233164,10000,descriptive dependent-partition sensitivity; not a precise five-block confidence interval
90.0,3,0.0,1.5,167.8368036,5,5,3542,3542,100,-0.04775257814056753,-0.035926521971112235,0.8,-0.06257845203548834,-0.024196163029139905,-0.0995575519402117,-0.00497804084091924,10000,descriptive dependent-partition sensitivity; not a precise five-block confidence interval
90.0,4,0.2,0.5,55.9456012,5,5,3542,3542,100,-0.05005142429521059,-0.04159005801148297,0.8,-0.07273334912530105,-0.02208797800270118,-0.11377914888374212,0.006303961515301381,10000,descriptive dependent-partition sensitivity; not a precise five-block confidence interval
90.0,4,0.2,1.0,111.8912024,5,5,3542,3542,100,-0.05214302094825061,-0.04159005801148297,0.6,-0.07536437958240677,-0.02033255580663207,-0.12110222533359591,0.008639895252618856,10000,descriptive dependent-partition sensitivity; not a precise five-block confidence interval
90.0,4,0.2,1.5,167.8368036,5,5,3542,3542,100,-0.051411879473634056,-0.039782564310431257,0.6,-0.07319556743369732,-0.019628677814547912,-0.12201781552886307,0.008980452035910913,10000,descriptive dependent-partition sensitivity; not a precise five-block confidence interval
90.0,5,0.4,0.5,55.9456012,5,5,3542,3542,100,-0.05913212897405851,-0.036684756946749,0.8,-0.07942017617403413,-0.03257102839504272,-0.11928245863461476,-0.009355463297007826,10000,descriptive dependent-partition sensitivity; not a precise five-block confidence interval
90.0,5,0.4,1.0,111.8912024,5,5,3542,3542,100,-0.06012080027486175,-0.0398522060129638,0.8,-0.08024609569565067,-0.032513580314745105,-0.12135171816469743,-0.008630056555288678,10000,descriptive dependent-partition sensitivity; not a precise five-block confidence interval
90.0,5,0.4,1.5,167.8368036,5,5,3542,3542,100,-0.058912564339116805,-0.03451865024693834,0.8,-0.07952992321972979,-0.031124046907956893,-0.12474686215189874,-0.008572759003643782,10000,descriptive dependent-partition sensitivity; not a precise five-block confidence interval
135.0,1,-0.4,0.5,55.9456012,5,5,3542,3542,100,-0.04786011426943704,-0.052997551383251684,0.8,-0.06464299707171017,-0.02815926270636232,-0.09178029558941217,-0.004219333112577317,10000,descriptive dependent-partition sensitivity; not a precise five-block confidence interval
135.0,1,-0.4,1.0,111.8912024,5,5,3542,3542,100,-0.05445057231916741,-0.05181563733959815,0.8,-0.07418322580762116,-0.03091964065666375,-0.10421853253010668,-0.004580568403552343,10000,descriptive dependent-partition sensitivity; not a precise five-block confidence interval
135.0,1,-0.4,1.5,167.8368036,5,5,3542,3542,100,-0.054799499776443605,-0.0523152523914443,0.8,-0.07384934562786766,-0.03126657176483538,-0.10427364410864244,-0.008086170779026158,10000,descriptive dependent-partition sensitivity; not a precise five-block confidence interval
135.0,2,-0.2,0.5,55.9456012,5,5,3542,3542,100,-0.05072602900407382,-0.027781503622680725,0.8,-0.06692853641874774,-0.022337724542756066,-0.10996047166445497,-0.0017646111723286229,10000,descriptive dependent-partition sensitivity; not a precise five-block confidence interval
135.0,2,-0.2,1.0,111.8912024,5,5,3542,3542,100,-0.050694200505946176,-0.026528483381911716,0.6,-0.06802090765923402,-0.01722952401499961,-0.11973003636972716,0.0031800944710404623,10000,descriptive dependent-partition sensitivity; not a precise five-block confidence interval
135.0,2,-0.2,1.5,167.8368036,5,5,3542,3542,100,-0.05527562803455255,-0.026938559981369847,0.6,-0.07543293026110837,-0.01621324997833884,-0.13769050814819236,0.00623626202032086,10000,descriptive dependent-partition sensitivity; not a precise five-block confidence interval
135.0,3,0.0,0.5,55.9456012,5,5,3542,3542,100,-0.048371446463700216,-0.028854499879049644,0.6,-0.06533216112970425,-0.020073991988729056,-0.10885898910853409,0.005285538654736133,10000,descriptive dependent-partition sensitivity; not a precise five-block confidence interval
135.0,3,0.0,1.0,111.8912024,5,5,3542,3542,100,-0.05025712513350378,-0.028854499879049644,0.6,-0.06777899898067469,-0.018150956653294914,-0.1188418296596315,0.007927017886665944,10000,descriptive dependent-partition sensitivity; not a precise five-block confidence interval
135.0,3,0.0,1.5,167.8368036,5,5,3542,3542,100,-0.049249072170717945,-0.028854499879049644,0.6,-0.06782370523104819,-0.016890890449812623,-0.11919404056436304,0.0105596892178613,10000,descriptive dependent-partition sensitivity; not a precise five-block confidence interval
135.0,4,0.2,0.5,55.9456012,5,5,3542,3542,100,-0.05792925374408538,-0.03380849762784699,0.8,-0.07462582016700564,-0.030392334797519738,-0.12016972842017429,-0.006873966010701338,10000,descriptive dependent-partition sensitivity; not a precise five-block confidence interval
135.0,4,0.2,1.0,111.8912024,5,5,3542,3542,100,-0.05833665047261758,-0.0375250765998445,0.8,-0.07466333585481455,-0.030769464196654106,-0.11966781159447133,-0.007370203778578199,10000,descriptive dependent-partition sensitivity; not a precise five-block confidence interval
135.0,4,0.2,1.5,167.8368036,5,5,3542,3542,100,-0.0581589434777217,-0.036323531813938104,0.8,-0.07496679120740629,-0.028830527083699153,-0.12000399873060505,-0.005794291398088536,10000,descriptive dependent-partition sensitivity; not a precise five-block confidence interval
135.0,5,0.4,0.5,55.9456012,5,5,3542,3542,100,-0.048695605861063876,-0.055668396183770286,0.8,-0.06164053168238992,-0.03978941730525143,-0.07672502856603666,-0.01946421563775096,10000,descriptive dependent-partition sensitivity; not a precise five-block confidence interval
135.0,5,0.4,1.0,111.8912024,5,5,3542,3542,100,-0.04801595493314146,-0.05477963351446391,0.8,-0.06050672113836453,-0.039807469147214,-0.07508868422945732,-0.020111204659778094,10000,descriptive dependent-partition sensitivity; not a precise five-block confidence interval
135.0,5,0.4,1.5,167.8368036,5,5,3542,3542,100,-0.04454041474309904,-0.05000129360329475,0.8,-0.059083542731370675,-0.03580523311689415,-0.07343309898260827,-0.01319108888886138,10000,descriptive dependent-partition sensitivity; not a precise five-block confidence interval
